Customer,TotalOrders,TotalQuantity,TotalSpent,AverageDiscount,AverageOrderValue,Cluster
Amit Verma,4,9,3483,20.5,870.75,0
Anjali Jain,4,7,3210,37.5,802.5,2
Deepika Singh,4,8,3464,19.75,866.0,0
Karan Sethi,4,7,3088,22.25,772.0,0
Neha Agarwal,12,27,9506,26.75,792.1666666666666,1
Pooja Patel,2,4,1560,24.5,780.0,0
Rahul Yadav,5,12,6065,11.8,1213.0,3
Riya Sharma,8,13,8831,16.125,1103.875,1
Sameer Khan,4,11,5376,15.75,1344.0,3
Shreya Kapoor,3,4,3052,22.666666666666668,1017.3333333333334,0
